f	62bec384df47b0328307db41455ff6ea2559e5546b394ac69148561b21703120	LICENSE.txt
f	6654dfbf4cc92609801f35022acaddd3fc19e6c777b7771b0f0a68f5813889a8	_asyncio.pyd
f	6da4d453852346299e983b458f3ec2f0db3b5f765998ba3f45c91b4a1549037b	_bz2.pyd
f	5bcddf4c374c4d247e1e4a61f3347159c36c5785fe43bdae11a4e6c9ea2c0166	_ctypes.pyd
f	eeb278dfbdb305bb5af916ed79e878943e25dc4bd6e99ec17abb7b3fd9f935d5	_decimal.pyd
f	34968e3aebdb3e89cb1472b75b04986ce1bbf27d290f4154d77649cc17c41fab	_elementtree.pyd
f	4d3eb9d9492d626c7bb10cfe5ab233a9195ec7b27e92b465b287e7a24fc8266c	_hashlib.pyd
f	2b4dcb12c0420ffced4b91968ae4eff6cb585f0f07490160c6da47da63064a99	_lzma.pyd
f	5017bb9dd0d5ab6d7c0f007763d7906d33464f0b436ac6577f1f4fffd5c98986	_multiprocessing.pyd
f	3f393b2ce1fe5973fc45e49dffcf51405fa875cdb284cf96b2f0d4b93b08765c	_overlapped.pyd
f	79c196a0804b152fc48b4055387f4352838e41c28863a0c946e7a98137e681e1	_queue.pyd
f	c5936292083189e0675a96ddd0e38235726f1c58195cec64eb0085b9c479ddce	_socket.pyd
f	95d5b99f696cb33550534e8be80d31003db8b8a27062dfd6b09fdba4bb92f812	_sqlite3.pyd
f	30ff82a3ea0c675ddc99e6b14f71ca750f06e77d6653e2da3d7d35b7ef0fc2ed	_ssl.pyd
f	0d6fcf704721d4bae58cc754b15a3f8c36907b718874f6d7cbbaa363a14618b1	_uuid.pyd
f	f88c322f871aef92de562278bd25c34c6e758642669d5512a22ed972840317b1	_wmi.pyd
f	b687deba154399bf6e44963e46abff518c3f987ae4fde087a3c891a1a1f08fdd	_zoneinfo.pyd
f	75495fe0e079ab00d49be740d3c710a0b94e3f74f9648cb7cc9f768fc7f52319	libcrypto-3.dll
f	eff52743773eb550fcc6ce3efc37c85724502233b6b002a35496d828bd7b280a	libffi-8.dll
f	8957182a9c385bfd9f3f790921de2ddc614cf91f99edbed4e9e5446a46504e32	libssl-3.dll
f	3865fae84ff0f274c049e737731cd8aa184fae208af5b4c0d0cfc42a38f79cea	pyexpat.pyd
f	297a28dea041bad442aca6d7cb92957627501870e3c5cb7c642afb83563ee9c1	python.cat
f	31fe10b4ed82a2f960af0ef9931f46a4b84ff286f8b6ffd9dee098cf4f10f17f	python.exe
f	a1a32b2475675e784d9b34d33d3a8f3e4afaa563da1feb784b0dd69fc4d8f9dc	python3.dll
f	35ddf94682ff9aa713a8d63557242ad00f3f28fdd39337f02c3bda4c0f791577	python313._pth
f	3b29bf9ff39bed8f660f5b935f19657f7ce7f145009851741b11364f6ebcb862	python313.dll
f	33c48dd2c3031d27784950aaee96d3d65f916e3c43dd3637ace333a7b9e8021a	python313.zip
f	435e222945e1a110559fb71b5ebff8c3d698689b5e5eee0371815c1141d72738	pythonw.exe
f	17df388a7aa42e7f066b80aa4f77cbbba9286495e6f3508425806be6766d122b	select.pyd
f	2e3cf1b96e8afc679ee8bd69d6bde3aeb797b48b297b9cafd0eb9fd578eaafb5	sqlite3.dll
f	d113047658f92d893bf4ee2da81ffbd624ec5c485733c02e116fac1b9a1b964c	unicodedata.pyd
f	d1f4225df2cd877dbf130d5668a021dce3f94118455ff5ec952061c30afc9ce7	vcruntime140.dll
f	a7146c08f89fe5b04541ab507cdb59ff7b44534d4ba3c668a426c6450a03434e	vcruntime140_1.dll
f	8450de54438b1698556b794400c3114b78ede8c10b13dcf263d646ef639ae7d1	winsound.pyd
